,brand,name,cpu_type,size,display_port,storage,built_in,network,warranty,price
0,華碩,H110M-C/CSM ,1151 for 7th/6th,M-ATX,1*VGA / 1*DVI-D,4*SATA3,USB 3.1 Gen1 / COM埠,Realtek Gigabit LAN,註冊四年,2490
1,華碩,H110M-CS,1151 for 7th/6th,M-ATX,1*VGA,4*SATA3,USB 3.1 Gen1,Realtek Gigabit LAN,註冊四年,1650
2,華碩,H110M-K,1151 for 7th/6th,M-ATX,1*VGA / 1*DVI-D,4*SATA3,USB 3.1 Gen1,Realtek Gigabit LAN,註冊四年,2190
3,技嘉,H110M-H,1151 for 7th/6th,M-ATX,1*VGA / 1*HDMI,4*SATA3,USB 3.1 Gen1,Realtek Gigabit LAN,註冊四年,2090
4,技嘉,H110M-S2PH,1151 for 7th/6th,M-ATX,1*VGA / 1*HDMI,4*SATA3,USB 3.1 Gen1 / LPT+COM埠,Realtek Gigabit LAN,註冊四年,2290
5,技嘉,H110-D3A,1151 for 7th/6th,ATX,1*VGA,1*M.2 / 4*SATA3,USB 3.1 Gen1 / LPT+COM埠,Realtek Gigabit LAN,三年,2890
6,華擎,H110M-ITX,1151 for 7th/6th,mini-ITX,1*DVI-D / 1*HDMI,4*SATA3,USB 3.1 Gen1,Intel Gigabit LAN,註冊四年.365天換新,2390
7,華擎,H110 Pro BTC+,1151 for 7th/6th,ATX,1*DVI-D,4*SATA3,USB 3.1 Gen1,Realtek Gigabit LAN,註冊四年.365天換新,2390
8,華碩,H110M-K D3,1151 for 7th/6th,M-ATX,1*VGA / 1*DVI-D,4*SATA3,USB 3.1 Gen1,Realtek Gigabit LAN,註冊四年,1990
9,華碩,Z170M-PLUS,1151 for 7th/6th,M-ATX,1*VGA / 1*DVI-D / 1*HDMI,1*M.2 / 6*SATA3,USB 3.1 Gen1,Intel Gigabit LAN,註冊四年,1990
10,華碩,PRIME B250M-A,1151 for 7th/6th,M-ATX,1*VGA / 1*DVI-D / 1*HDMI,1*M.2 / 6*SATA3,USB 3.1 Gen1,Realtek Gigabit LAN,註冊四年,2990
11,華碩,B250M-A(M-ATX) + G4560代理,1151 for 7th/6th,M-ATX,1*VGA / 1*DVI-D / 1*HDMI,1*M.2 / 6*SATA3,USB 3.1 Gen1,Realtek Gigabit LAN,註冊四年,4490
12,華碩,PRIME B250-PRO,1151 for 7th/6th,ATX,1*VGA / 1*DVI-D / 1*HDMI,2*M.2 / 6*SATA3,USB 3.1 Gen1,Realtek Gigabit LAN,註冊四年,3390
13,華碩,ROG STRIX B250H GAMING,1151 for 7th/6th,ATX,1*DVI-D / 1*HDMI,2*M.2 / 6*SATA3,USB 3.1 Gen1,Intel Gigabit LAN,註冊五年,3490
14,華碩,ROG STRIX B250H Gaming(ATX)+G4560代,1151 for 7th/6th,ATX,1*DVI-D / 1*HDMI,2*M.2 / 6*SATA3,USB 3.1 Gen1,Intel Gigabit LAN,註冊五年,5150
15,華碩,ROG STRIX B250F GAMING,1151 for 7th/6th,ATX,1*DVI-D / 1*HDMI / 1*DP,2*M.2 / 6*SATA3,USB 3.1 Gen1,Intel Gigabit LAN,註冊五年,2490
16,華碩,B250 MINING EXPERT,1151 for 7th/6th,M-ATX,1*HDMI,4*SATA3,USB 3.1 Gen1,Intel Gigabit LAN,註冊四年,2990
17,技嘉,B250M-D2V,1151 for 7th/6th,M-ATX,1*VGA / 1*DVI-D,6*SATA3,USB 3.1 Gen1,Realtek Gigabit LAN,註冊四年,2190
18,技嘉,B250-FinTech,1151 for 7th/6th,ATX,1.VGA / 1*DVI-D,1*M.2 / 6*SATA3,USB 3.1 Gen1,Intel Gigabit LAN,註冊四年,3890
19,微星,B250M PRO-VH,1151 for 7th/6th,M-ATX,1*VGA / 1*HDMI,1*M.2 / 6*SATA3,USB 3.1 Gen1,Realtek Gigabit LAN,註冊四年,1900
20,微星,B250M PRO-VDH,1151 for 7th/6th,M-ATX,1*VGA / 1*DVI-D / 1*HDMI,1*M.2 / 6*SATA3,USB 3.1 Gen1,Realtek Gigabit LAN,註冊四年,2090
21,華碩,PRIME H270M-PLUS,1151 for 7th/6th,M-ATX,1*VGA / 1*DVI-D / 1*HDMI,2*M.2 / 6*SATA3,USB 3.1 Gen1,Intel Gigabit LAN,註冊四年,2690
22,華碩,ROG STRIX H270F GAMING,1151 for 7th/6th,ATX,1*DVI-D / 1*HDMI / 1*DP,2*M.2 / 6*SATA3,USB 3.1 Gen2,Intel Gigabit LAN,註冊五年,2790
23,微星,H270M MORTAR ARCTIC,1151 for 7th/6th,M-ATX,1*DVI-D / 1*HDMI / 1*DP,1*M.2 / 6*SATA3,USB 3.1 Gen1,Intel Gigabit LAN,註冊五年,2890
24,華碩,PRIME X299-A,LGA 2066,ATX,無,2*M.2 / 8*SATA3,USB 3.1 Gen2,Intel Gigabit LAN,註冊四年,11990
25,華碩,PRIME X299 DELUXE,LGA 2066,ATX,無,2*M.2 / 7*SATA3 / 1*U.2,USB 3.1 Gen2,2*Intel Gigabit LAN / ad+BT 4.1,註冊四年,14900
26,華碩,PRIME X299 DELUXE II,LGA 2066,ATX,無,2*M.2 / 8*SATA3,USB 3.1 Gen2/Thunderbolt3,1*Intel Giga/1*Aquantia 5G/ac+BT 5.0,註冊四年,15990
27,華碩,ROG STRIX X299-XE GAMING,LGA 2066,ATX,無,2*M.2 / 8*SATA3,USB 3.1 Gen2,Intel Gigabit LAN / ac+BT 4.2,註冊五年,13990
28,技嘉,X299 AORUS GAMING,LGA 2066,ATX,無,2*M.2 / 8*SATA3,USB 3.1 Gen2,Intel Gigabit LAN,註冊五年,4990
29,技嘉,X299 UD4 Pro,LGA 2066,ATX,無,2*M.2 / 8*SATA3,USB 3.1 Gen2,Intel Gigabit LAN,註冊四年,10690
30,技嘉,X299 AORUS MASTER,LGA 2066,E-ATX,無,3*M.2 / 8*SATA3,USB 3.1 Gen2,Realtek 2.5G/Intel Giga LAN/ac+BT 4.2,註冊五年,13890
31,技嘉,X299 AORUS GAMING 7 Pro,LGA 2066,ATX,無,3*M.2 / 8*SATA3,USB 3.1 Gen2,Intel + Killer Gigabit LAN,註冊五年,15490
32,微星,X299 TOMAHAWK ARCTIC,LGA 2066,ATX,無,2*M.2 / 8*SATA3 / 1*U.2,USB 3.1 Gen2,Intel Gigabit LAN,註冊五年,11990
33,微星,X299 GAMING M7 ACK,LGA 2066,ATX,無,2*M.2 / 8*SATA3 / 1*U.2,USB 3.1 Gen2,Killer Gigabit LAN / ac+BT 4.2,註冊五年,15990
34,華擎,X299 Extreme4,LGA 2066,ATX,無,2*M.2 / 8*SATA3,USB 3.1 Gen2,Intel Gigabit LAN,註冊四年.365天換新,4990
35,華擎,X299 Killer SLI/ac,LGA 2066,ATX,無,3*M.2 / 8*SATA3,USB 3.1 Gen2,Intel Gigabit LAN / ac+BT 4.2,註冊四年.365天換新,7990
36,華擎,X299 Taichi XE 太極,LGA 2066,ATX,無,3*M.2 / 10*SATA3,USB 3.1 Gen2,2*Intel Gigabit LAN / ac+BT 4.2,註冊四年.365天換新,9990
37,華碩,PRIME H310M-K R2.0,LGA 1151 for 8+9th,M-ATX,1*VGA / 1*DVI-D,4*SATA3,USB 3.1 Gen1,Realtek Gigabit LAN,註冊四年,2290
38,華碩,PRIME H310M-K R2.0,LGA 1151 for 8+9th,M-ATX,1*VGA / 1*DVI-D,4*SATA3,USB 3.1 Gen1,Realtek Gigabit LAN,註冊四年,1990
39,華碩,PRIME H310M-D,LGA 1151 for 8+9th,M-ATX,1*VGA / 1*HDMI,1*M.2 / 4*SATA3,USB 3.1 Gen1 / LPT+COM埠,Realtek Gigabit LAN,註冊四年,1890
40,華碩,PRIME H310M-D R2.0/CSM,LGA 1151 for 8+9th,M-ATX,1*VGA / 1*HDMI,1*M.2 / 4*SATA3,USB 3.1 Gen1 / LPT+COM埠,Realtek Gigabit LAN,註冊四年,2490
41,華碩,PRIME H310M-C/CSM,LGA 1151 for 8+9th,M-ATX,1*VGA / 1*DVI-D,1*M.2 / 4*SATA3,USB 3.1 Gen1 / COM埠,Realtek Gigabit LAN,註冊四年,2450
42,華碩,PRIME H310M-C R2.0/CSM,LGA 1151 for 8+9th,M-ATX,1*VGA / 1*DVI-D,1*M.2 / 4*SATA3,USB 3.1 Gen1 / COM埠,Realtek Gigabit LAN,註冊四年,2590
43,華碩,PRIME H310I-PLUS/CSM,LGA 1151 for 8+9th,mini-ITX,1*VGA / 1*DVI-D / 1*HDMI,1*M.2 / 4*SATA3,USB 3.1 Gen1,Realtek Gigabit LAN / M.2 for CNVi WiFi+BT,註冊四年,2850
44,華碩,PRIME H310I-PLUS R2.0/CSM,LGA 1151 for 8+9th,mini-ITX,1*VGA / 1*DVI-D / 1*HDMI,1*M.2 / 4*SATA3,USB 3.1 Gen1,Realtek Gigabit LAN / M.2 for CNVi WiFi+BT,註冊四年,2990
45,華碩,TUF H310M-PLUS GAMING,LGA 1151 for 8+9th,M-ATX,1*DVI-D / 1*HDMI,1*M.2 / 4*SATA3,USB 3.1 Gen1,Intel Gigabit LAN,註冊四年,2690
46,華碩,TUF H310-PLUS GAMING,LGA 1151 for 8+9th,ATX,1*VGA / 1*HDMI,1*M.2 / 4*SATA3,USB 3.1 Gen1,Intel Gigabit LAN,註冊四年,2790
47,技嘉,H310M S2V 2.0,LGA 1151 for 8+9th,M-ATX,1*VGA / 1*DVI-D,4*SATA3,USB 3.1 Gen1,Realtek Gigabit LAN,註冊四年,1890
48,技嘉,H310M S2V 2.0(M-ATX) + Celeron G4900,LGA 1151 for 8+9th,M-ATX,1*VGA / 1*DVI-D,4*SATA3,USB 3.1 Gen1,Realtek Gigabit LAN,註冊四年,2800
49,技嘉,H310M S2V 2.0(M-ATX) + i3-8100代理,LGA 1151 for 8+9th,M-ATX,1*VGA / 1*DVI-D,4*SATA3,USB 3.1 Gen1,Realtek Gigabit LAN,註冊四年,5150
50,技嘉,H310M H,LGA 1151 for 8+9th,M-ATX,1*VGA / 1*HDMI,4*SATA3,USB 3.1 Gen1,Realtek Gigabit LAN,註冊四年,2190
51,技嘉,H310M H 2.0,LGA 1151 for 8+9th,M-ATX,1*VGA / 1*HDMI,4*SATA3,USB 3.1 Gen1,Realtek Gigabit LAN,註冊四年,2190
52,技嘉,H310M A,LGA 1151 for 8+9th,M-ATX,1*HDMI / 1*DP,1*M.2 PCIe x4 / 4*SATA3,USB 3.1 Gen1,Intel Gigabit LAN,註冊四年,2390
53,技嘉,H310M DS2,LGA 1151 for 8+9th,M-ATX,1*VGA,4*SATA3,USB 3.1 Gen1 / LPT+COM埠,Realtek Gigabit LAN,註冊四年,2390
54,技嘉,H310M S2H,LGA 1151 for 8+9th,M-ATX,1*VGA / 1*DVI-D / 1*HDMI,1*M.2 PCIe x2 / 4*SATA3,USB 3.1 Gen1,Realtek Gigabit LAN,註冊四年,2090
55,技嘉,H310M S2H 2.0,LGA 1151 for 8+9th,M-ATX,1*VGA / 1*DVI-D / 1*HDMI,1*M.2 PCIe x2 / 4*SATA3,USB 3.1 Gen1,Realtek Gigabit LAN,註冊四年,2390
56,技嘉,H310M S2P,LGA 1151 for 8+9th,M-ATX,1*VGA / 1*DVI-D / 1*HDMI,1*M.2 / 4*SATA3,USB 3.1 Gen1 / COM埠,Realtek Gigabit LAN,註冊四年,2490
57,技嘉,H310 D3,LGA 1151 for 8+9th,ATX,1*VGA / 1*HDMI,1*M.2 / 4*SATA3,USB 3.1 Gen1 / LPT+COM埠,Realtek Gigabit LAN / M.2 for CNVi WiFi+BT,註冊四年,2790
58,技嘉,H310N,LGA 1151 for 8+9th,mini-ITX,1*VGA / 1*DVI-D / 1*HDMI,1*M.2 / 4*SATA3,USB 3.1 Gen1,Realtek Gigabit LAN,註冊四年,2790
59,微星,H310M WATER PLUS,LGA 1151 for 8+9th,M-ATX,1*VGA / 1*DVI-D,4*SATA3,USB 3.1 Gen1,Realtek Gigabit LAN,註冊四年,1990
60,微星,H310M PRO-VDH,LGA 1151 for 8+9th,M-ATX,1*VGA / 1*DVI-D / 1*HDMI,4*SATA3,USB 3.1 Gen1,Realtek Gigabit LAN,註冊四年,2290
61,微星,H310M PRO-VDH(M-ATX) + Pentium G5400,LGA 1151 for 8+9th,M-ATX,1*VGA / 1*DVI-D / 1*HDMI,4*SATA3,USB 3.1 Gen1,Realtek Gigabit LAN,註冊四年,3790
62,微星,H310M PRO-VDH PLUS,LGA 1151 for 8+9th,M-ATX,1*VGA / 1*DVI-D / 1*HDMI,4*SATA3,USB 3.1 Gen1,Realtek Gigabit LAN,註冊四年,2290
63,微星,H310M PRO-M2 PLUS,LGA 1151 for 8+9th,M-ATX,1*VGA / 1*DVI-D / 1*HDMI,1*M.2 / 4*SATA3,USB 3.1 Gen1,Intel Gigabit LAN,註冊四年,2490
64,微星,H310M PRO-VL,LGA 1151 for 8+9th,M-ATX,1*VGA,4*SATA3,USB 3.1 Gen1 / LPT+COM埠,Realtek Gigabit LAN,註冊四年,2390
65,微星,H310-F PRO,LGA 1151 for 8+9th,ATX,1*DVI-D / 1*HDMI,4*SATA3,USB 3.1 Gen1,Intel Gigabit LAN,註冊四年,4090
66,華擎,H310M-HDV,LGA 1151 for 8+9th,M-ATX,1*VGA / 1*DVI-D / 1*HDMI,4*SATA3,USB 3.1 Gen1,Realtek Gigabit LAN,註冊四年.365天換新,1780
67,華擎,H310M-ITX/ac,LGA 1151 for 8+9th,mini-ITX,1*DVI-D / 1*HDMI / 1*DP,1*M.2 / 4*SATA3,USB 3.1 Gen1,Intel Gigabit LAN / ac+BT 4.2,註冊四年.365天換新,2590
68,華碩,PRIME B360M-K,LGA 1151 for 8+9th,M-ATX,1*VGA / 1*DVI-D,1*M.2 / 6*SATA3,USB 3.1 Gen2,Realtek Gigabit LAN,註冊四年,2690
69,華碩,PRIME B360M-K(M-ATX) + i3-8100代理,LGA 1151 for 8+9th,M-ATX,1*VGA / 1*DVI-D,1*M.2 / 6*SATA3,USB 3.1 Gen2,Realtek Gigabit LAN,註冊四年,5650
70,華碩,PRIME B360M-A,LGA 1151 for 8+9th,M-ATX,1*VGA / 1*DVI-D / 1*HDMI,2*M.2 / 6*SATA3,USB 3.1 Gen2,Realtek Gigabit LAN,註冊四年,2990
71,華碩,PRIME B360M-A(M-ATX) + i3-8100代理,LGA 1151 for 8+9th,M-ATX,1*VGA / 1*DVI-D / 1*HDMI,2*M.2 / 6*SATA3,USB 3.1 Gen2,Realtek Gigabit LAN,註冊四年,5950
72,華碩,TUF B360M-E GAMING,LGA 1151 for 8+9th,M-ATX,1*DVI-D / 1*HDMI,1*M.2 / 6*SATA3,USB 3.1 Gen2,Intel Gigabit LAN,註冊五年,3090
73,華碩,TUF B360M-PLUS GAMING S,LGA 1151 for 8+9th,M-ATX,1*DVI-D / 1*HDMI,2*M.2 / 6*SATA3,USB 3.1 Gen2,Intel Gigabit LAN / M.2 for CNVi WiFi+BT,註冊五年,3190
74,華碩,TUF B360-PLUS GAMING,LGA 1151 for 8+9th,ATX,1*VGA / 1*HDMI,2*M.2 / 6*SATA3,USB 3.1 Gen2,Intel Gigabit LAN,註冊五年,3490
75,華碩,ROG STRIX B360-I GAMING,LGA 1151 for 8+9th,mini-ITX,1*HDMI / 1*DP,2*M.2 / 4*SATA3,USB 3.1 Gen2,Intel Gigabit LAN / ac+BT 5.0,註冊五年,3990
76,華碩,ROG STRIX B360-G GAMING,LGA 1151 for 8+9th,M-ATX,1*DVI-D / 1*HDMI,2*M.2 / 6*SATA3,USB 3.1 Gen2,Intel Gigabit LAN,註冊五年,3390
77,華碩,ROG STRIX B360-H GAMING,LGA 1151 for 8+9th,ATX,1*DVI-D / 1*HDMI,2*M.2 / 6*SATA3,USB 3.1 Gen2,Intel Gigabit LAN,註冊五年,3690
78,華碩,ROG STRIX B360-F GAMING,LGA 1151 for 8+9th,ATX,1*DVI-D / 1*HDMI / 1*DP,2*M.2 / 6*SATA3,USB 3.1 Gen2,Intel Gigabit LAN,註冊五年,3890
79,華碩,ROG STRIX B360-F Gaming(ATX) + i5-8400代,LGA 1151 for 8+9th,ATX,1*DVI-D / 1*HDMI / 1*DP,2*M.2 / 6*SATA3,USB 3.1 Gen2,Intel Gigabit LAN,註冊五年,9850
80,技嘉,B360M GAMING HD,LGA 1151 for 8+9th,M-ATX,1*VGA / 1*HDMI,1*M.2 / 4*SATA3,USB 3.1 Gen1,Realtek Gigabit LAN,註冊五年,2390
81,技嘉,B360M D3V,LGA 1151 for 8+9th,M-ATX,1*VGA / 1*DVI-D,1*M.2 / 6*SATA3,USB 3.1 Gen1,Realtek Gigabit LAN,註冊四年,2890
82,技嘉,B360M DS3H,LGA 1151 for 8+9th,M-ATX,1*VGA / 1*DVI-D / 1*HDMI,1*M.2 / 6*SATA3,USB 3.1 Gen1,Realtek Gigabit LAN,註冊四年,2890
83,技嘉,B360M DS3H(M-ATX)+ i3-8100代理,LGA 1151 for 8+9th,M-ATX,1*VGA / 1*DVI-D / 1*HDMI,1*M.2 / 6*SATA3,USB 3.1 Gen1,Realtek Gigabit LAN,註冊四年,5800
84,技嘉,B360M DS3H(M-ATX)+ i5-8400代理(6核6緒)2.8GHz,LGA 1151 for 8+9th,M-ATX,1*VGA / 1*DVI-D / 1*HDMI,1*M.2 / 6*SATA3,USB 3.1 Gen1,Realtek Gigabit LAN,註冊四年,8800
85,技嘉,B360M D3H,LGA 1151 for 8+9th,M-ATX,1*VGA / 1*DVI-D / 1*HDMI / 1*DP,1*M.2 / 6*SATA3,USB 3.1 Gen2,Intel Gigabit LAN,註冊四年,3090
86,技嘉,B360M AORUS GAMING 3,LGA 1151 for 8+9th,M-ATX,1*DVI-D / 1*HDMI,2*M.2 / 6*SATA3,USB 3.1 Gen2,Intel Gigabit LAN / M.2 for CNVi WiFi+BT,註冊五年,3090
87,技嘉,B360 HD3,LGA 1151 for 8+9th,ATX,1*VGA / 1*DVI-D / 1*HDMI,2*M.2 / 6*SATA3,USB 3.1 Gen2,Realtek Gigabit LAN / M.2 for CNVi WiFi+BT,註冊四年,3290
88,技嘉,B360N WIFI,LGA 1151 for 8+9th,mini-ITX,2*HDMI,1*M.2 / 4*SATA3,USB 3.1 Gen1,2*Intel Gigabit LAN / ac+BT 5.0,註冊四年,3490
89,技嘉,B360N AORUS GAMING WIFI電競小鷹,LGA 1151 for 8+9th,mini-ITX,1*HDMI / 1*DP,1*M.2 / 4*SATA3,USB 3.1 Gen2,Intel Gigabit LAN / ac+BT 5.0,註冊五年,3690
90,技嘉,B360 AORUS GAMING 3 WIFI G-rex戰隊版,LGA 1151 for 8+9th,ATX,1*DVI-D / 1*HDMI,2*M.2 / 6*SATA3,USB 3.1 Gen2,Intel Gigabit LAN / ac+BT 5.0,註冊五年,3790
91,微星,B360M FIRE,LGA 1151 for 8+9th,M-ATX,1*VGA / 1*HDMI,1*M.2 / 6*SATA3,USB 3.1 Gen1,Realtek Gigabit LAN,註冊五年,2590
92,(M,ATX) + i3-8100代理,LGA 1151 for 8+9th,M-ATX,1*VGA / 1*HDMI,1*M.2 / 6*SATA3,USB 3.1 Gen1,Realtek Gigabit LAN,註冊五年,5790
93,微星,B360M PRO-VDH,LGA 1151 for 8+9th,M-ATX,1*VGA / 1*DVI-D / 1*HDMI,1*M.2 / 6*SATA3,USB 3.1 Gen1,Realtek Gigabit LAN,註冊四年,2890
94,微星,B360M PRO-VDH(M-ATX) + i3-8100代理,LGA 1151 for 8+9th,M-ATX,1*VGA / 1*DVI-D / 1*HDMI,1*M.2 / 6*SATA3,USB 3.1 Gen1,Realtek Gigabit LAN,註冊四年,5900
95,微星,B360M BAZOOKA,LGA 1151 for 8+9th,M-ATX,1*DVI-D / 1*HDMI,1*M.2 / 6*SATA3,USB 3.1 Gen1,Realtek Gigabit LAN,註冊五年,3090
96,微星,B360M MORTAR TITANIUM,LGA 1151 for 8+9th,M-ATX,1*DVI-D / 1*HDMI / 1*DP,2*M.2 / 4*SATA3,USB 3.1 Gen2,Intel Gigabit LAN,註冊五年,3090
97,微星,B360I GAMING PRO AC,LGA 1151 for 8+9th,mini-ITX,1*DVI-D / 1*DP,2*M.2 / 4*SATA3,USB 3.1 Gen2,Realtek Gigabit LAN / ac+BT 5.0,註冊五年,3990
98,微星,B360 GAMING PLUS,LGA 1151 for 8+9th,ATX,1*DVI-D / 1*DP,1*M.2 / 6*SATA3,USB 3.1 Gen2,Intel Gigabit LAN,註冊五年,3590
99,微星,B360 GAMING PRO CARBON,LGA 1151 for 8+9th,ATX,1*HDMI / 1*DP,2*M.2 / 6*SATA3,USB 3.1 Gen2,Intel Gigabit LAN,註冊五年,3700
100,微星,B360-F PRO,LGA 1151 for 8+9th,ATX,1*DVI-D / 1*HDMI,4*SATA3,USB 3.1 Gen1,Intel Gigabit LAN,三年,5090
101,華擎,B360M-HDV,LGA 1151 for 8+9th,M-ATX,1*VGA / 1*DVI-D / 1*HDMI,1*M.2 / 6*SATA3,USB 3.1 Gen2,Intel Gigabit LAN,註冊四年.365天換新,2050
102,華擎,B360M Pro4,LGA 1151 for 8+9th,M-ATX,1*VGA / 1*DVI-D / 1*HDMI,2*M.2 / 6*SATA3,USB 3.1 Gen2,Intel Gigabit LAN / M.2 for CNVi WiFi+BT,註冊四年.365天換新,2690
103,華擎,B360M-ITX/ac,LGA 1151 for 8+9th,mini-ITX,1*DVI-D / 1*HDMI / 1*DP,1*M.2 / 4*SATA3,USB 3.1 Gen2,2*Intel Gigabit LAN / ac+BT 4.2,註冊四年.365天換新,3190
104,華擎,Fatal1ty B360M Performance,LGA 1151 for 8+9th,M-ATX,1*VGA / 1*DVI-D / 1*HDMI,2*M.2 / 6*SATA3,USB 3.1 Gen2,Intel Gigabit LAN / M.2 for CNVi WiFi+BT,註冊五年.365天換新,2890
105,華碩,PRIME H370M-PLUS,LGA 1151 for 8+9th,M-ATX,1*VGA / 1*DVI-D / 1*HDMI,2*M.2 / 6*SATA3,USB 3.1 Gen2,Intel Gigabit LAN,註冊四年,3890
106,華碩,TUF H370-PRO GAMING WIFI,LGA 1151 for 8+9th,ATX,1*VGA / 1*HDMI / 1*DP,2*M.2 / 6*SATA3,USB 3.1 Gen2,Intel Gigabit LAN / ac+BT 5.0,註冊五年,4090
107,華碩,ROG STRIX H370-I GAMING,LGA 1151 for 8+9th,mini-ITX,1*HDMI / 1*DP,2*M.2 / 4*SATA3,USB 3.1 Gen2,Intel Gigabit LAN / ac+BT 5.0,註冊五年,4990
108,華碩,ROG STRIX H370-F GAMING,LGA 1151 for 8+9th,ATX,1*DVI-D / 1*HDMI / 1*DP,2*M.2 / 6*SATA3,USB 3.1 Gen2,Intel Gigabit LAN,註冊五年,4290
109,技嘉,H370M D3H,LGA 1151 for 8+9th,M-ATX,1*VGA / 1*DVI-D / 1*HDMI,2*M.2 / 6*SATA3,USB 3.1 Gen2,Intel Gigabit LAN / M.2 for CNVi WiFi+BT,註冊四年,3790
110,技嘉,H370 HD3,LGA 1151 for 8+9th,ATX,1*VGA / 1*DVI-D,2*M.2 / 6*SATA3,USB 3.1 Gen2,Intel Gigabit LAN / M.2 for CNVi WiFi+BT,註冊四年,3990
111,技嘉,H370N WIFI,LGA 1151 for 8+9th,mini-ITX,2*HDMI / 1*DP,2*M.2 / 4*SATA3,USB 3.1 Gen1,2*Intel Gigabit LAN / ac+BT 5.0,註冊四年,4690
112,技嘉,H370 AORUS GAMING 3 WIFI,LGA 1151 for 8+9th,ATX,1*DVI-D / 1*HDMI,2*M.2 / 6*SATA3,USB 3.1 Gen2,Intel Gigabit LAN / ac+BT 5.0,註冊五年,4390
113,微星,H370M BAZOOKA,LGA 1151 for 8+9th,M-ATX,1*DVI-D / 1*HDMI / 1*DP,1*M.2 / 6*SATA3,USB 3.1 Gen1,Realtek Gigabit LAN,註冊四年,3690
114,微星,H370 GAMING PLUS,LGA 1151 for 8+9th,ATX,1*DVI-D / 1*DP,1*M.2 / 6*SATA3,USB 3.1 Gen2,Intel Gigabit LAN,註冊五年,3990
115,華擎,H370M Pro4,LGA 1151 for 8+9th,M-ATX,1*VGA / 1*DVI-D / 1*HDMI,2*M.2 / 6*SATA3,USB 3.1 Gen2,Intel Gigabit LAN / M.2 for CNVi WiFi+BT,註冊四年.365天換新,2790
116,華擎,H370 Pro4,LGA 1151 for 8+9th,ATX,1*VGA / 1*DVI-D / 1*HDMI,2*M.2 / 6*SATA3,USB 3.1 Gen2,Intel Gigabit LAN / M.2 for CNVi WiFi+BT,註冊四年.365天換新,3090
117,華碩,PRIME Z370M-PLUS II,LGA 1151 for 8+9th,M-ATX,1*DVI-D / 1*HDMI,2*M.2 / 4*SATA3,USB 3.1 Gen1,Intel Gigabit LAN,註冊四年,3890
118,華碩,PRIME Z370-P II,LGA 1151 for 8+9th,ATX,1*DVI-D / 1*HDMI,2*M.2 / 4*SATA3,USB 3.1 Gen1,Realtek Gigabit LAN,註冊四年,4090
119,華碩,PRIME Z370-A,LGA 1151 for 8+9th,ATX,1*DVI-D / 1*HDMI / 1*DP,2*M.2 / 6*SATA3,USB 3.1 Gen2,Intel Gigabit LAN,註冊四年,4190
120,華碩,TUF Z370-PLUS GAMING,LGA 1151 for 8+9th,ATX,1*DVI-D / 1*HDMI,2*M.2 / 6*SATA3,USB 3.1 Gen2,Intel Gigabit LAN,註冊五年,3990
121,華碩,TUF Z370-PRO GAMING,LGA 1151 for 8+9th,ATX,1*DVI-D / 1*HDMI,2*M.2 / 6*SATA3,USB 3.1 Gen2,Intel Gigabit LAN,註冊五年,4290
122,華碩,ROG STRIX Z370-I GAMING,LGA 1151 for 8+9th,mini-ITX,1*HDMI / 1*DP,2*M.2 / 4*SATA3,USB 3.1 Gen2,Intel Gigabit LAN / ac+BT 4.2,註冊五年,5990
123,華碩,ROG MAXIMUS X HERO,LGA 1151 for 8+9th,ATX,1*HDMI / 1*DP,2*M.2 / 6*SATA3,USB 3.1 Gen2,Intel Gigabit LAN,註冊五年,7190
124,華碩,ROG MAXIMUS X FORMULA,LGA 1151 for 8+9th,ATX,1*HDMI / 1*DP,2*M.2 / 6*SATA3,USB 3.1 Gen2,Intel Gigabit LAN / ac+BT 4.2,註冊五年,16990
125,技嘉,Z370M DS3H,LGA 1151 for 8+9th,M-ATX,1*DVI-D / 1*HDMI,2*M.2 / 6*SATA3,USB 3.1 Gen1,Realtek Gigabit LAN,註冊四年,3590
126,技嘉,Z370P D3,LGA 1151 for 8+9th,ATX,1*HDMI,1*M.2 / 6*SATA3,USB 3.1 Gen1,Realtek Gigabit LAN,註冊四年,3690
127,技嘉,Z370 HD3-OP,LGA 1151 for 8+9th,ATX,1*DVI-D / 1*HDMI,1*M.2(32GB Optane已佔用*1) / 6*SATA3,USB 3.1 Gen1,Intel Gigabit LAN,註冊四年,4690
128,技嘉,Z370N-WIFI,LGA 1151 for 8+9th,mini-ITX,2*HDMI / 1*DP,2*M.2 / 6*SATA3,USB 3.1 Gen1,Intel Gigabit LAN / ac+BT 4.2,註冊四年,4750
129,技嘉,Z370 AORUS GAMING 3,LGA 1151 for 8+9th,ATX,1*HDMI,2*M.2 / 6*SATA3,USB 3.1 Gen2,Killer Gigabit LAN,註冊五年,4690
130,微星,Z370-A PRO,LGA 1151 for 8+9th,ATX,1*VGA / 1*DVI-D / 1*DP,1*M.2 / 6*SATA3,USB 3.1 Gen1,Realtek Gigabit LAN,註冊四年,3990
131,微星,Z370-A PRO(ATX) + i5-8400代理(6核6緒)2.8GHz,LGA 1151 for 8+9th,ATX,1*VGA / 1*DVI-D / 1*DP,1*M.2 / 6*SATA3,USB 3.1 Gen1,Realtek Gigabit LAN,註冊四年,9790
132,微星,Z370 TOMAHAWK,LGA 1151 for 8+9th,ATX,1*DVI-D / 1*HDMI,2*M.2 / 6*SATA3,USB 3.1 Gen2,Intel Gigabit LAN,註冊五年,4790
133,華擎,Z370M Pro4,LGA 1151 for 8+9th,M-ATX,1*VGA / 1*DVI-D / 1*HDMI,2*M.2 / 6*SATA3,USB 3.1 Gen1,Intel Gigabit LAN,註冊四年.365天換新,3390
134,華擎,Z370 Pro4,LGA 1151 for 8+9th,ATX,1*VGA / 1*DVI-D / 1*HDMI,2*M.2 / 6*SATA3,USB 3.1 Gen1,Intel Gigabit LAN,註冊四年.365天換新,3490
135,華擎,Z370M-ITX/ac,LGA 1151 for 8+9th,mini-ITX,2*HDMI / 1*DP,2*M.2 / 6*SATA3,USB 3.1 Gen1,Intel Gigabit LAN / ac+BT 4.2,註冊四年.365天換新,3690
136,華擎,Z370 Killer SLI,LGA 1151 for 8+9th,ATX,1*DVI-D / 1*HDMI,2*M.2 / 6*SATA3,USB 3.1 Gen1,Intel Gigabit LAN,註冊四年.365天換新,3690
137,華擎,Z370 Killer SLI/AC,LGA 1151 for 8+9th,ATX,1*DVI-D / 1*HDMI,2*M.2 / 6*SATA3,USB 3.1 Gen1,Intel Gigabit LAN / ac+BT 4.2,註冊四年.365天換新,3990
138,華擎,Z370 Taichi 太極,LGA 1151 for 8+9th,ATX,1*HDMI / 1*DP,3*M.2 / 8*SATA3,USB 3.1 Gen2,Intel Gigabit LAN / ac+BT 4.2,註冊四年.365天換新,7390
139,華碩,PRIME Z390M-PLUS,LGA 1151 for 8+9th,M-ATX,1*DVI-D / 1*HDMI,2*M.2 / 4*SATA3,USB 3.1 Gen2,Intel Gigabit LAN,註冊五年,3890
140,華碩,PRIME Z390-P,LGA 1151 for 8+9th,ATX,1*HDMI / 1*DP,2*M.2 / 4*SATA3,USB 3.1 Gen2,Realtek Gigabit LAN,註冊四年,4390
141,華碩,TUF Z390M-PRO GAMING WI-FI,LGA 1151 for 8+9th,M-ATX,1*HDMI / 1*DP,2*M.2 / 4*SATA3,USB 3.1 Gen2,Intel Gigabit LAN/ac+BT 5.0,註冊五年,4990
142,華碩,TUF Z390-PLUS GAMING WIFI,LGA 1151 for 8+9th,ATX,1*HDMI / 1*DP,2*M.2 / 6*SATA3,USB 3.1 Gen2,Intel Gigabit LAN/ac+BT 5.0,註冊五年,4990
143,華碩,PRIME Z390-A,LGA 1151 for 8+9th,ATX,1*HDMI / 1*DP,2*M.2 / 6*SATA3,USB 3.1 Gen2,Intel Gigabit LAN,註冊四年,5490
144,華碩,ROG STRIX Z390-H GAMING,LGA 1151 for 8+9th,ATX,1*HDMI / 1*DP,2*M.2 / 6*SATA3,USB 3.1 Gen2,Intel Gigabit LAN,註冊五年,5290
145,華碩,ROG STRIX Z390-F GAMING,LGA 1151 for 8+9th,ATX,1*HDMI / 1*DP,2*M.2 / 6*SATA3,USB 3.1 Gen2,Intel Gigabit LAN,註冊五年,5990
146,華碩,ROG STRIX Z390-F GAMING(ATX) + Intel i7-9700K代,LGA 1151 for 8+9th,ATX,1*HDMI / 1*DP,2*M.2 / 6*SATA3,USB 3.1 Gen2,Intel Gigabit LAN,註冊五年,19290
147,華碩,ROG STRIX Z390-I GAMING,LGA 1151 for 8+9th,mini-ITX,1*HDMI / 1*DP,2*M.2 / 6*SATA3,USB 3.1 Gen2,Intel Gigabit LAN/ac+BT 5.0,註冊五年,6490
148,華碩,ROG STRIX Z390-E GAMING,LGA 1151 for 8+9th,ATX,1*HDMI / 1*DP,2*M.2 / 6*SATA3,USB 3.1 Gen2,Intel Gigabit LAN/ac+BT 5.0,註冊五年,6990
149,華碩,ROG MAXIMUS XI HERO WI-FI/CE,LGA 1151 for 8+9th,ATX,1*HDMI / 1*DP,2*M.2 / 6*SATA3,USB 3.1 Gen2,Intel Gigabit LAN/ac+BT 5.0,註冊五年,9290
150,華碩,ROG MAXIMUS XI HERO WI-FI(ATX/1H1P/Ｉ網/ac+BT5/註五年)送IMPACT電競鼠,LGA 1151 for 8+9th,ATX,1*HDMI / 1*DP,2*M.2 / 6*SATA3,USB 3.1 Gen2,Intel Gigabit LAN/ac+BT 5.0,註冊五年,9290
151,華碩,ROG MAXIMUS XI HERO WI-FI(ATX) + Intel i9-9900K代,LGA 1151 for 8+9th,ATX,1*HDMI / 1*DP,2*M.2 / 6*SATA3,USB 3.1 Gen2,Intel Gigabit LAN/ac+BT 5.0,註冊五年,24090
152,華碩,ROG MAXIMUS XI GENE,LGA 1151 for 8+9th,M-ATX,1*HDMI,2*ROG M.2 / 2*M.2 / 4*SATA3,USB 3.1 Gen2,Intel Gigabit LAN/ac+BT 5.0,註冊五年,12990
153,華碩,ROG MAXIMUS XI FORMULA,LGA 1151 for 8+9th,ATX,1*HDMI,2*M.2 / 6*SATA3,USB 3.1 Gen2,1*Intel Giga/1*Aquantia 5G/ac+BT 5.0,註冊五年,17990
154,華碩,ROG MAXIMUS XI EXTREME,LGA 1151 for 8+9th,E-ATX,1*HDMI,2*ROG M.2 / 2*M.2 / 6*SATA3,USB 3.1 Gen2,1*Intel Giga/1*Aquantia 5G/ac+BT 5.0,註冊五年,19990
155,技嘉,Z390 M,LGA 1151 for 8+9th,M-ATX,1*DVI-D / 1*HDMI / 1*DP,2*M.2 / 6*SATA3,USB 3.1 Gen2,Intel Gigabit LAN / M.2 for CNVi WiFi+BT,註冊四年,3790
156,技嘉,Z390 UD,LGA 1151 for 8+9th,ATX,1*HDMI,1*M.2 / 6*SATA3,USB 3.1 Gen1,Realtek Gigabit LAN,註冊四年,4290
157,技嘉,Z390 M GAMING,LGA 1151 for 8+9th,M-ATX,1*DVI-D / 1*HDMI,2*M.2 / 6*SATA3,USB 3.1 Gen2,Intel Gigabit LAN / M.2 for CNVi WiFi+BT,註冊五年,4190
158,技嘉,Z390 GAMING X,LGA 1151 for 8+9th,ATX,1*HDMI,2*M.2 / 6*SATA3,USB 3.1 Gen2,Intel Gigabit LAN / M.2,註冊五年,4690
159,技嘉,Z390 AORUS ELITE 翼力特,LGA 1151 for 8+9th,ATX,1*HDMI,2*M.2 / 6*SATA3,USB 3.1 Gen2,Intel Gigabit LAN / M.2,註冊五年,5190
160,技嘉,Z390 AORUS PRO WIFI,LGA 1151 for 8+9th,ATX,1*HDMI,2*M.2 / 6*SATA3,USB 3.1 Gen2,Intel Gigabit LAN / ac+BT 5.0,註冊五年,5890
161,技嘉,Z390 I AORUS PRO WIFI,LGA 1151 for 8+9th,mini-ITX,1*HDMI / 1*DP,2*M.2 / 4*SATA3,USB 3.1 Gen2,Intel Gigabit LAN / ac+BT 5.0,註冊五年,6190
162,技嘉,Z390 DESIGNARE,LGA 1151 for 8+9th,ATX,1*HDMI/2*Thunderbolt3,2*M.2 / 6*SATA3,USB 3.1 Gen2/Thunderbolt3,2*Intel Gigabit LAN/ac+BT 5.0,註冊四年,8290
163,技嘉,Z390 AORUS MASTER,LGA 1151 for 8+9th,ATX,1*HDMI,3*M.2 / 6*SATA3,USB 3.1 Gen2,Intel Gigabit LAN / M.2 for CNVi WiFi+BT,註冊五年,9290
164,技嘉,Z390 AORUS XTREME,LGA 1151 for 8+9th,E-ATX,1*HDMI,3*M.2 / 6*SATA3,USB 3.1 Gen2/Thunderbolt3,1*Intel Giga/1*Aquantia 10G/ac+BT 5.0,註冊五年,18990
165,微星,MAG Z390M MORTAR,LGA 1151 for 8+9th,M-ATX,1*DVI-D / 1*HDMI / 1*DP,2*M.2 / 4*SATA3,USB 3.1 Gen2,Intel Gigabit LAN / M.2 for CNVi WiFi+BT,註冊五年,3890
166,微星,Z390-A PRO,LGA 1151 for 8+9th,ATX,1*VGA / 1*DVI-D / 1*DP,1*M.2 / 6*SATA3,USB 3.1 Gen2,Intel Gigabit LAN / M.2 for CNVi WiFi+BT,註冊四年,4290
167,微星,MPG Z390 GAMING PLUS,LGA 1151 for 8+9th,ATX,1*DVI-D / 1*HDMI,2*M.2 / 6*SATA3,USB 3.1 Gen2,Intel Gigabit LAN / M.2 for CNVi WiFi+BT,註冊五年,4590
168,微星,390 GAMING PLUS(ATX) + i5-9600K(6核6緒)3.7GHz,LGA 1151 for 8+9th,ATX,1*DVI-D / 1*HDMI,2*M.2 / 6*SATA3,USB 3.1 Gen2,Intel Gigabit LAN / M.2 for CNVi WiFi+BT,註冊五年,12190
169,微星,MAG Z390 TOMAHAWK,LGA 1151 for 8+9th,ATX,1*HDMI / 1*DP,2*M.2 / 6*SATA3,USB 3.1 Gen2,2*Intel Gigabit LAN / M.2 for CNVi WiFi+BT,註冊五年,4790
170,微星,MPG Z390 GAMING EDGE AC,LGA 1151 for 8+9th,ATX,1*HDMI / 1*DP,2*M.2 / 6*SATA3,USB 3.1 Gen2,Intel Gigabit LAN/ac+BT 5.0,註冊五年,5490
171,微星,MPG Z390I GAMING EDGE AC,LGA 1151 for 8+9th,mini-ITX,1*HDMI / 1*DP,2*M.2 / 4*SATA3,USB 3.1 Gen2,Realtek Gigabit LAN/ac+BT 5.0,註冊五年,6190
172,微星,MPG Z390 GAMING PRO CARBON AC,LGA 1151 for 8+9th,ATX,1*HDMI / 1*DP,2*M.2 / 6*SATA3,USB 3.1 Gen2,Intel Gigabit LAN/ac+BT 5.0,註冊五年,6550
173,微星,MEG Z390 ACE,LGA 1151 for 8+9th,ATX,無,3*M.2 / 6*SATA3,USB 3.1 Gen2,Killer Gigabit LAN/ac+BT 5.0,註冊五年,8890
174,微星,MEG Z390 GODLIKE,LGA 1151 for 8+9th,E-ATX,無,3*M.2 / 6*SATA3,USB 3.1 Gen2,2*Killer Gigabit LAN/ac+BT 5.0,註冊五年,17490
175,華擎,Z390M Pro4,LGA 1151 for 8+9th,M-ATX,1*VGA / 1*DVI-D / 1*HDMI,2*M.2 / 6*SATA3,USB 3.1 Gen2,Intel Gigabit LAN / M.2 for CNVi WiFi+BT,註冊四年.365天換新,3590
176,華擎,Z390M-ITX/ac,LGA 1151 for 8+9th,mini-ITX,2*HDMI / 1*DP,1*M.2 / 6*SATA3,USB 3.1 Gen2,Intel Gigabit LAN/ac+BT 4.2,註冊四年.365天換新,4990
177,華擎,Z390 Phantom Gaming SLI,LGA 1151 for 8+9th,ATX,1*DVI-D / 1*HDMI,2*M.2 / 6*SATA3,USB 3.1 Gen2,Realtek 2.5G LAN,註冊四年.365天換新,5390
178,華擎,Z390 Extreme4,LGA 1151 for 8+9th,ATX,1*VGA / 1*HDMI / 1*DP,2*M.2 / 8*SATA3,USB 3.1 Gen2,Intel Gigabit LAN / M.2 for CNVi WiFi+BT,註冊四年.365天換新,5750
179,華擎,Z390 Phantom Gaming 6,LGA 1151 for 8+9th,ATX,1*VGA / 1*HDMI / 1*DP,2*M.2 / 8*SATA3,USB 3.1 Gen2,Realtek 2.5G + Intel Gigabit LAN,註冊四年.365天換新,6390
180,華擎,Z390 Taichi 太極,LGA 1151 for 8+9th,ATX,1*HDMI / 1*DP,3*M.2 / 8*SATA3,USB 3.1 Gen2,2*Intel Gigabit LAN / ac+BT 4.2,註冊四年.365天換新,7990
181,華碩,H61M-K,LGA 1155 for 3rd/2nd,M-ATX,1*VGA / 1*DVI-D,4*SATA2,USB 2.0,Realtek Gigabit LAN,註冊四年,2490
182,技嘉,H61M-DS2,LGA 1155 for 3rd/2nd,M-ATX,1*VGA,4*SATA2,USB 2.0 / LPT+COM埠,Realtek Gigabit LAN,註冊四年,2390
183,華碩,B75M-PLUS,1155 for 3rd/2nd,M-ATX,1*VGA / 1*DVI-D / 1*HDMI,1*SATA3 / 5*SATA2,USB 3.1 Gen1,Realtek Gigabit LAN,註冊四年,2990
184,華碩,H81M-K,LGA 1150 for 4th,M-ATX,1*VGA / 1*DVI-D,2*SATA3 / 2*SATA2,USB 3.1 Gen1,Realtek Gigabit LAN,註冊四年,1990
185,技嘉,H81M-DS2,LGA 1150 for 4th,M-ATX,1*VGA,2*SATA3 / 2*SATA2,USB 3.1 Gen1 / LPT+COM埠,Realtek Gigabit LAN,三年,1890
186,技嘉,H81M-S2PH,LGA 1150 for 4th,M-ATX,1*VGA / 1*HDMI,2*SATA3 / 2*SATA2,USB 3.1 Gen1 / LPT+COM埠,Realtek Gigabit LAN,三年,1890
187,華碩,B85M-G,LGA 1150 for 4th,M-ATX,1*VGA / 1*DVI-D / 1*HDMI,2*SATA3 / 4*SATA2,USB 3.1 Gen1,Realtek Gigabit LAN,註冊四年,2590
188,華碩,PRIME A320M-K,AM4,M-ATX,1*VGA / 1*HDMI,1*M.2(搭APU僅支援SATA模式) / 4*SATA3,USB 3.1 Gen1,Realtek Gigabit LAN,註冊四年,2390
189,華碩,PRIME A320M-K(M-ATX) + A8-9600代,AM4,M-ATX,1*VGA / 1*HDMI,1*M.2(搭APU僅支援SATA模式) / 4*SATA3,USB 3.1 Gen1,Realtek Gigabit LAN,註冊四年,3290
190,華碩,PRIME A320M-A,AM4,M-ATX,1*VGA / 1*DVI-D / 1*HDMI,1*M.2 / 6*SATA3,USB 3.1 Gen2,Realtek Gigabit LAN,註冊四年,2590
191,華碩,PRIME A320M-A(M-ATX) + ATHLON 200GE代,AM4,M-ATX,1*VGA / 1*DVI-D / 1*HDMI,1*M.2 / 6*SATA3,USB 3.1 Gen2,Realtek Gigabit LAN,註冊四年,4190
192,技嘉,A320M-S2H,AM4,M-ATX,1*VGA / 1*DVI-D / 1*HDMI,4*SATA3,USB 3.1 Gen1,Realtek Gigabit LAN,註冊四年,2090
193,微星,A320M PRO-VH PLUS,AM4,M-ATX,1*VGA / 1*HDMI,4*SATA3,USB 3.1 Gen1,Realtek Gigabit LAN,註冊四年,2090
194,微星,A320M PRO-M2,AM4,M-ATX,1*VGA / 1*DVI-D / 1*HDMI,1*M.2 / 4*SATA3,USB 3.1 Gen1,Realtek Gigabit LAN,註冊四年,2190
195,微星,A320M PRO-M2(M-ATX/1A1D1H) + A6-9500代,AM4,M-ATX,1*VGA / 1*DVI-D / 1*HDMI,1*M.2 / 4*SATA3,USB 3.1 Gen1,Realtek Gigabit LAN,註冊四年,3090
196,微星,A320M BAZOOKA 火箭筒,AM4,M-ATX,1*VGA / 1*DVI-D / 1*HDMI,1*M.2 / 4*SATA3,USB 3.1 Gen1,Realtek Gigabit LAN,註冊五年,2550
197,華擎,A320M-HDV,AM4,M-ATX,1*VGA / 1*DVI-D / 1*HDMI,1*M.2 / 4*SATA3,USB 3.1 Gen1,Realtek Gigabit LAN,註冊四年.365天換新,1790
198,華碩,PRIME B350M-K,AM4,M-ATX,1*VGA / 1*DVI-D,1*M.2 / 4*SATA3,USB 3.1 Gen1,Realtek Gigabit LAN,註冊四年,1990
199,華碩,PRIME B350M-A,AM4,M-ATX,1*VGA / 1*DVI-D / 1*HDMI,1*M.2 / 6*SATA3,USB 3.1 Gen2,Realtek Gigabit LAN,註冊四年,2990
200,華碩,PRIME B350M-A(M-ATX) + R3 2200G代,AM4,M-ATX,1*VGA / 1*DVI-D / 1*HDMI,1*M.2 / 6*SATA3,USB 3.1 Gen2,Realtek Gigabit LAN,註冊四年,5590
201,華碩,PRIME B350-PLUS,AM4,ATX,1*VGA / 1*DVI-D / 1*HDMI,1*M.2 / 6*SATA3,USB 3.1 Gen2,Realtek Gigabit LAN,註冊四年,2290
202,華碩,ROG STRIX B350-F GAMING,AM4,ATX,1*HDMI / 1*DP,1*M.2 / 6*SATA3,USB 3.1 Gen2,Intel Gigabit LAN,註冊五年,2590
203,技嘉,AB350M-DS3H V2,AM4,M-ATX,1*DVI-D / 1*HDMI,1*M.2 / 4*SATA3,USB 3.1 Gen1,Realtek Gigabit LAN,免註冊四年,1790
204,微星,B350M PRO-VD PLUS,AM4,M-ATX,1*VGA / 1*DVI-D,4*SATA3,USB 3.1 Gen1,Realtek Gigabit LAN,註冊四年,1990
205,微星,B350M PRO-VDH,AM4,M-ATX,1*VGA / 1*DVI-D / 1*HDMI,1*M.2 / 4*SATA3,USB 3.1 Gen1,Realtek Gigabit LAN,註冊四年,2590
206,微星,B350M MORTAR,AM4,M-ATX,1*DVI-D / 1*HDMI / 1*DP,1*M.2 / 4*SATA3,USB 3.1 Gen1,Realtek Gigabit LAN,註冊五年,2490
207,微星,B350I PRO AC,AM4,mini-ITX,1*HDMI / 1*DP,1*M.2 / 4*SATA3,USB 3.1 Gen2,Realtek Gigabit LAN / ac+BT 4.2,註冊四年,3390
208,微星,B350 GAMING PLUS,AM4,ATX,1*VGA / 1*DVI-D / 1*HDMI,1*M.2 / 4*SATA3,USB 3.1 Gen1,Realtek Gigabit LAN,註冊五年,2990
209,微星,B350 TOMAHAWK,AM4,ATX,1*VGA / 1*DVI-D / 1*HDMI,1*M.2 / 4*SATA3,USB 3.1 Gen1,Realtek Gigabit LAN,註冊五年,3490
210,華擎,AB350M-HDV,AM4,M-ATX,1*VGA / 1*DVI-D / 1*HDMI,1*M.2 / 4*SATA3,USB 3.1 Gen1,Realtek Gigabit LAN,註冊四年.365天換新,1690
211,華擎,AB350M Pro4,AM4,M-ATX,1*VGA / 1*DVI-D / 1*HDMI,1*M.2 / 4*SATA3,USB 3.1 Gen1,Realtek Gigabit LAN,註冊四年.365天換新,1990
212,華擎,Fatal1ty AB350 Gaming K4,AM4,ATX,1*VGA / 1*DVI-D / 1*HDMI,1*M.2 / 6*SATA3,USB 3.1 Gen1,Realtek Gigabit LAN,註冊五年.365天換新,2190
213,華碩,PRIME X370-A,AM4,ATX,1*VGA / 1*DVI-D / 1*HDMI,1*M.2 / 6*SATA3,USB 3.1 Gen2,Realtek Gigabit LAN,註冊四年,2790
214,華碩,PRIME X370-PRO,AM4,ATX,1*HDMI / 1*DP,1*M.2 / 6*SATA3,USB 3.1 Gen2,Intel Gigabit LAN,註冊四年,2990
215,技嘉,AX370M-DS3H,AM4,M-ATX,1*DVI-D / 1*HDMI,1*M.2 / 4*SATA3,USB 3.1 Gen1,Realtek Gigabit LAN,註冊四年,2090
216,技嘉,AX370M-GAMING 3,AM4,M-ATX,1*VGA / 1*DVI-D / 1*HDMI,1*M.2 / 6*SATA3,USB 3.1 Gen2,Realtek Gigabit LAN,註冊五年,2290
217,技嘉,AX370-GAMING 3,AM4,ATX,1*DVI-D / 1*HDMI,1*M.2 / 6*SATA3,USB 3.1 Gen2,Realtek Gigabit LAN,註冊五年,2990
218,華碩,PRIME B450M-K,AM4,M-ATX,1*VGA / 1*DVI-D,1*M.2 / 4*SATA3,USB 3.1 Gen2,Realtek Gigabit LAN,註冊四年,2690
219,華碩,PRIME B450M-K,AM4,M-ATX,1*VGA / 1*DVI-D,1*M.2 / 4*SATA3,USB 3.1 Gen2,Realtek Gigabit LAN,註冊四年,2290
220,華碩,PRIME B450M-A,AM4,M-ATX,1*VGA / 1*DVI-D / 1*HDMI,1*M.2 / 6*SATA3,USB 3.1 Gen2,Realtek Gigabit LAN,註冊四年,2990
221,華碩,PRIME B450M-A(M-ATX) + R5 2400G代,AM4,M-ATX,1*VGA / 1*DVI-D / 1*HDMI,1*M.2 / 6*SATA3,USB 3.1 Gen2,Realtek Gigabit LAN,註冊四年,7790
222,華碩,TUF B450M-PLUS GAMING,AM4,M-ATX,1*DVI-D / 1*HDMI,1*M.2 / 6*SATA3,USB 3.1 Gen2,Realtek Gigabit LAN,註冊五年,2590
223,華碩,TUF B450-PLUS GAMING,AM4,ATX,1*DVI-D / 1*HDMI,1*M.2 / 6*SATA3,USB 3.1 Gen2,Realtek Gigabit LAN,註冊五年,3290
224,華碩,ROG STRIX B450-I GAMING,AM4,mini-ITX,1*HDMI,2*M.2 / 4*SATA3,USB 3.1 Gen2,Intel Gigabit LAN / ac+BT 4.2,註冊五年,4290
225,華碩,ROG STRIX B450-F GAMING,AM4,ATX,1*HDMI / 1*DP,2*M.2 / 6*SATA3,USB 3.1 Gen2,Intel Gigabit LAN,註冊五年,3890
226,華碩,ROG STRIX B450-F GAMING(ATX)+R5 2600代,AM4,ATX,1*HDMI / 1*DP,2*M.2 / 6*SATA3,USB 3.1 Gen2,Intel Gigabit LAN,註冊五年,9850
227,華碩,ROG STRIX B450-E GAMING,AM4,ATX,1*HDMI / 1*DP,2*M.2 / 6*SATA3,USB 3.1 Gen2,Intel Gigabit LAN / ac+BT 5.0,註冊五年,4290
228,技嘉,B450M GAMING,AM4,M-ATX,1*VGA / 1*DVI-D / 1*HDMI,1*M.2 / 4*SATA3,USB 3.1 Gen1,Realtek Gigabit LAN,註冊四年,2690
229,技嘉,B450M GAMING(M-ATX/1D1H) + R5 2400G代,AM4,M-ATX,1*VGA / 1*DVI-D / 1*HDMI,1*M.2 / 4*SATA3,USB 3.1 Gen1,Realtek Gigabit LAN,註冊四年,7300
230,技嘉,B450M GAMING(M-ATX/1D1H) + R5 2600代,AM4,M-ATX,1*VGA / 1*DVI-D / 1*HDMI,1*M.2 / 4*SATA3,USB 3.1 Gen1,Realtek Gigabit LAN,註冊四年,8500
231,技嘉,B450M DS3H,AM4,M-ATX,1*DVI-D / 1*HDMI,1*M.2 / 4*SATA3,USB 3.1 Gen1,Realtek Gigabit LAN,註冊四年,2790
232,技嘉,B450 AORUS M,AM4,M-ATX,1*DVI-D / 1*HDMI,1*M.2 / 6*SATA3,USB 3.1 Gen2,Realtek Gigabit LAN,註冊五年,2890
233,技嘉,B450 I AORUS PRO WIFI,AM4,mini-ITX,1*HDMI / 1*DP,1*M.2 / 4*SATA3,USB 3.1 Gen2,Intel Gigabit LAN / ac+BT 5.0,註冊五年,3890
234,技嘉,B450 AORUS ELITE 翼力特,AM4,ATX,1*DVI-D / 1*HDMI,1*M.2 / 6*SATA3,USB 3.1 Gen1,Realtek Gigabit LAN,註冊五年,3190
235,技嘉,B450 AORUS PRO WIFI,AM4,ATX,1*DVI-D / 1*HDMI,2*M.2 / 6*SATA3,USB 3.1 Gen2,Intel Gigabit LAN / ac+BT 4.2,註冊五年,3790
236,微星,B450M PRO-M2,AM4,M-ATX,1*VGA / 1*DVI-D / 1*HDMI,1*M.2 / 4*SATA3,USB 3.1 Gen1,Realtek Gigabit LAN,註冊四年,2590
237,微星,B450M PRO-M2(M-ATX/1A1D1H) + R3 2200G代,AM4,M-ATX,1*VGA / 1*DVI-D / 1*HDMI,1*M.2 / 4*SATA3,USB 3.1 Gen1,Realtek Gigabit LAN,註冊四年,5390
238,微星,B450M PRO-VDH,AM4,M-ATX,1*VGA / 1*DVI-D / 1*HDMI,1*M.2 / 4*SATA3,USB 3.1 Gen1,Realtek Gigabit LAN,註冊四年,2690
239,微星,B450M PRO-VDH(M-ATX/1A1D1H) + R5 2400G代,AM4,M-ATX,1*VGA / 1*DVI-D / 1*HDMI,1*M.2 / 4*SATA3,USB 3.1 Gen1,Realtek Gigabit LAN,註冊四年,7590
240,微星,B450M BAZOOKA,AM4,M-ATX,1*DVI-D / 1*HDMI,1*M.2 / 4*SATA3,USB 3.1 Gen1,Realtek Gigabit LAN,註冊五年,2950
241,微星,B450M MORTAR TITANIUM,AM4,M-ATX,1*HDMI / 1*DP,2*M.2 / 4*SATA3,USB 3.1 Gen2,Realtek Gigabit LAN,註冊五年,2990
242,微星,B450 TOMAHAWK,AM4,ATX,1*DVI-D / 1*HDMI,1*M.2 / 6*SATA3,USB 3.1 Gen2,Realtek Gigabit LAN,註冊五年,3690
243,微星,B450I GAMING PLUS AC,AM4,mini-ITX,1*HDMI / 1*DP,1*M.2 / 4*SATA3,USB 3.1 Gen1,Intel Gigabit LAN / ac+BT 4.2,註冊五年,3990
244,微星,B450 GAMING PLUS,AM4,ATX,1*DVI-D / 1*HDMI,1*M.2 / 6*SATA3,USB 3.1 Gen2,Realtek Gigabit LAN,註冊五年,3390
245,微星,B450 GAMING PRO CARBON AC,AM4,ATX,1*HDMI / 1*DP,2*M.2 / 6*SATA3,USB 3.1 Gen2,Intel Gigabit LAN / ac+BT 4.2,註冊五年,4090
246,微星,B450 GAMING PRO CARBON AC(ATX)+R5 2600代,AM4,ATX,1*HDMI / 1*DP,2*M.2 / 6*SATA3,USB 3.1 Gen2,Intel Gigabit LAN / ac+BT 4.2,註冊五年,9990
247,華擎,B450M-HDV,AM4,M-ATX,1*VGA / 1*DVI-D / 1*HDMI,1*M.2 / 4*SATA3,USB 3.1 Gen1,Realtek Gigabit LAN,註冊四年.365天換新,2100
248,華擎,B450M Pro4,AM4,M-ATX,1*VGA / 1*DVI-D / 1*HDMI,2*M.2 / 4*SATA3,USB 3.1 Gen2,Realtek Gigabit LAN,註冊四年.365天換新,2550
249,華擎,Fatal1ty B450 Gaming K4,AM4,ATX,1*VGA / 1*HDMI / 1*DP,2*M.2 / 6*SATA3,USB 3.1 Gen2,Realtek Gigabit LAN,註冊四年.365天換新,2990
250,華碩,PRIME X470-PRO,AM4,ATX,1*HDMI / 1*DP,2*M.2 / 6*SATA3,USB 3.1 Gen2,Intel Gigabit LAN,註冊四年,5090
251,華碩,TUF X470-PLUS GAMING,AM4,ATX,1*DVI-D / 1*HDMI,2*M.2 / 6*SATA3,USB 3.1 Gen2,Realtek Gigabit LAN,註冊五年,4490
252,華碩,TUF X470-PLUS Gaming(ATX) + R5 2600代,AM4,ATX,1*DVI-D / 1*HDMI,2*M.2 / 6*SATA3,USB 3.1 Gen2,Realtek Gigabit LAN,註冊五年,10390
253,華碩,ROG STRIX X470-I GAMING,AM4,mini-ITX,1*HDMI 2.0,2*M.2 / 4*SATA3,USB 3.1 Gen2,Intel Gigabit LAN / ac+BT 4.2,註冊五年,5990
254,華碩,ROG STRIX X470-F GAMING,AM4,ATX,1*HDMI / 1*DP,2*M.2 / 6*SATA3,USB 3.1 Gen2,Intel Gigabit LAN,註冊五年,5990
255,華碩,OG STRIX X470-F Gaming(ATX) + R7 2700X代,AM4,ATX,1*HDMI / 1*DP,2*M.2 / 6*SATA3,USB 3.1 Gen2,Intel Gigabit LAN,註冊五年,16390
256,華碩,ROG CROSSHAIR VII HERO,AM4,ATX,無,2*M.2 / 6*SATA3,USB 3.1 Gen2,Intel Gigabit LAN,註冊五年,7990
257,華碩,ROG Crosshair VII HERO(ATX) + R7 2700X代,AMD R7-2700X,ATX,無,2*M.2 / 6*SATA3,USB 3.1 Gen2,Intel Gigabit LAN,註冊五年,18290
258,技嘉,X470 AORUS ULTRA GAMING,AM4,ATX,1*HDMI 2.0,2*M.2 / 6*SATA3,USB 3.1 Gen2,Intel Gigabit LAN,註冊五年,4390
259,技嘉,X470 AORUS ULTRA GAMING(ATX) + R5 2600代,AM4,ATX,1*HDMI 2.0,2*M.2 / 6*SATA3,USB 3.1 Gen2,Intel Gigabit LAN,註冊五年,10200
260,技嘉,X470 AORUS ULTRA GAMING(ATX) + R7 2700X代,AM4,ATX,1*HDMI 2.0,2*M.2 / 6*SATA3,USB 3.1 Gen2,Intel Gigabit LAN,註冊五年,14800
261,技嘉,X470 AORUS GAMING 5 WIFI,AM4,ATX,1*HDMI 2.0,2*M.2 / 6*SATA3,USB 3.1 Gen2,Intel Gigabit LAN / ac+BT 5.0,註冊五年,5890
262,技嘉,X470 AORUS GAMING 7 WIFI,AM4,ATX,無,2*M.2 / 6*SATA3,USB 3.1 Gen2,Intel Gigabit LAN / ac+BT 5.0,註冊五年,7890
263,微星,X470 GAMING PLUS,AM4,ATX,1*DVI-D / 1*HDMI,2*M.2 / 6*SATA3,USB 3.1 Gen2,Realtek Gigabit LAN,註冊五年,4290
264,微星,X470 GAMING PRO,AM4,ATX,1*DVI-D / 1*HDMI,2*M.2 / 6*SATA3,USB 3.1 Gen2,Intel Gigabit LAN,註冊五年,4780
265,微星,X470 GAMING PRO CARBON,AM4,ATX,1*HDMI / 1*DP,2*M.2 / 6*SATA3,USB 3.1 Gen2,Intel Gigabit LAN,註冊五年,5790
266,微星,X470 GAMING PRO CARBON(ATX)+R7 2700X代,AM4,ATX,1*HDMI / 1*DP,2*M.2 / 6*SATA3,USB 3.1 Gen2,Intel Gigabit LAN,註冊五年,15990
267,微星,X470 GAMING M7 AC,AM4,ATX,無,2*M.2 / 6*SATA3,USB 3.1 Gen2,Killer Gigabit LAN / ac+BT 4.2,註冊五年,8490
268,華擎,X470 Master SLI/ac,AM4,ATX,1*HDMI,2*M.2 / 6*SATA3,USB 3.1 Gen2,Intel Gigabit LAN / ac+BT 4.2,註冊四年.365天換新,3900
269,華擎,X470 Taichi太極,AM4,ATX,1*HDMI,2*M.2 / 8*SATA3,USB 3.1 Gen2,Intel Gigabit LAN / ac+BT 4.2,註冊四年.365天換新,6390
270,華碩,PRIME X399-A,TR4,E-ATX,無,2*M.2 / 6*SATA3 / 1*U.2,USB 3.1 Gen2,Intel Gigabit LAN,註冊四年,9990
271,華碩,STRIX X399-E GAMING,TR4,E-ATX,無,2*M.2 / 6*SATA3 / 1*U.2,USB 3.1 Gen2,Intel Gigabit LAN / ac+BT 4.2,註冊五年,11990
272,華碩,ROG ZENITH EXTREME,TR4,E-ATX,無,3*M.2 / 6*SATA3 / 1*U.2,USB 3.1 Gen2,Intel Gigabit LAN / ac+BT 4.1,註冊五年,17990
273,技嘉,X399 AORUS PRO,TR4,ATX,無,3*M.2 / 8*SATA3,USB 3.1 Gen2,Intel Gigabit LAN,註冊五年,9490
274,技嘉,X399 AORUS XTREME,TR4,E-ATX,無,3*M.2 / 6*SATA3,USB 3.1 Gen2,1*10GbE Lan / 2*Gigabit LAN / ac+BT 4.2,註冊五年,14990
275,微星,X399 SLI PLUS,TR4,ATX,無,3*M.2 / 8*SATA3,USB 3.1 Gen2,Intel Gigabit LAN,註冊四年,8990
276,微星,X399 GAMING PRO CARBON AC,TR4,ATX,無,3*M.2 / 8*SATA,USB 3.1 Gen2,Intel Gigabit LAN / ac+BT 4.2,註冊五年,10990
277,微星,MEG X399 Creation ,TR4,E-ATX,無,(3+4)*M.2 / 8*SATA3,USB 3.1 Gen2,2*Intel Gigabit LAN / ac+BT 4.2,註冊五年,15990
278,華擎,X399 Phantom Gaming6,TR4,ATX,無,3*M.2 / 8*SATA3,USB 3.1 Gen2,Realtek 2.5G + Intel Gigabit LAN + M.2 for WiFi+BT,註冊四年,7890
279,華碩,M5A78L-M LE/USB3,AM3 / AM3+ 最高125 W,M-ATX,1*VGA / 1*DVI-D,4*SATA3,USB 3.1 Gen1 / COM埠,Realtek Gigabit LAN,註冊四年,1990
280,技嘉,78LMT-USB3 R2,AM3 / AM3+ 最高125 W,M-ATX,1*VGA / 1*DVI-D / 1*HDMI,6*SATA3 / 1*IDE,USB 3.1 Gen1,Realtek Gigabit LAN,三年,1990
